Dataset,dataset,Tarea,Semilla,Propuesta,Config,Accuracy,F1_macro,Acc_trivial,F1_trivial,Supera trivial,D_g,|SPD|,|EOD|,DI_min,Delta Acc,Delta D_g,Delta DI_min,lambda,modo,eta,w_min,atenuados,modo_sensible
Adult,adult,binary,7,Fair-GAD,lambda=0.1,0.7576310550763106,0.7018683775928742,0.7509953550099535,0.42889625769777356,True,0.012699644140520458,0.09666245983073382,0.04835292267609548,0.7238021351568773,-0.006303915063039178,-0.053057477635427196,0.16688478825304298,0.1,directional,,,,por defecto del cargador
Adult,adult,binary,7,Fair-GAD,lambda=0.2,0.7554744525547445,0.6988430095823628,0.7509953550099535,0.42889625769777356,True,0.003716772524111974,0.0760502172863351,0.04715140445975047,0.7776993648553282,-0.008460517584605198,-0.06204034925183568,0.22078201795149388,0.2,directional,,,,por defecto del cargador
Adult,adult,binary,7,Fair-GAD,lambda=0.3,0.7546449900464499,0.6972300529926501,0.7509953550099535,0.42889625769777356,True,0.0,0.06729984812269318,0.04882026480262747,0.8005530740037388,-0.00928998009289983,-0.06575712177594766,0.24363572709990444,0.3,directional,,,,por defecto del cargador
Adult,adult,binary,7,Fair-GAD,lambda=0.5,0.7541473125414732,0.69677800820721,0.7509953550099535,0.42889625769777356,True,0.0,0.0650151701813051,0.05222806281510256,0.807183310023934,-0.009787657597876587,-0.06575712177594766,0.25026596312009963,0.5,directional,,,,por defecto del cargador
Adult,adult,binary,7,Fair-GAD,lambda=0.8,0.7524883875248839,0.6947319758739252,0.7509953550099535,0.42889625769777356,True,0.002338627060740205,0.05368078087699746,0.06446915173695461,0.8390368325620415,-0.01144658261446585,-0.06341849471520745,0.2821194856582072,0.8,directional,,,,por defecto del cargador
Adult,adult,binary,7,Fair-GAD,lambda=1.2,0.7524883875248839,0.6947319758739252,0.7509953550099535,0.42889625769777356,True,0.002338627060740205,0.05368078087699746,0.06446915173695461,0.8390368325620415,-0.01144658261446585,-0.06341849471520745,0.2821194856582072,1.2,directional,,,,por defecto del cargador
Dutch Census,dutch,binary,7,Fair-GAD,lambda=0.1,0.7283184376034426,0.728045242585456,0.5239159218801721,0.34379581862612,True,0.01845171910803455,0.1272941480499942,0.015183305366599564,0.7494337014116889,-0.002648129758358153,-0.021132202595313666,0.042193262668788756,0.1,directional,,,,por defecto del cargador
Dutch Census,dutch,binary,7,Fair-GAD,lambda=0.2,0.7258358159549818,0.7254499855562948,0.5239159218801721,0.34379581862612,True,0.010750084552099054,0.11571049754527798,0.02640719322791074,0.7669204877779616,-0.005130751406818956,-0.02883383715124916,0.05968004903506152,0.2,directional,,,,por defecto del cargador
Dutch Census,dutch,binary,7,Fair-GAD,lambda=0.3,0.7256703078450845,0.7252739350826705,0.5239159218801721,0.34379581862612,True,0.010162970641579432,0.11471761321630228,0.02740709303804978,0.768457402583128,-0.005296259516716306,-0.029420951061768782,0.0612169638402279,0.3,directional,,,,por defecto del cargador
Dutch Census,dutch,binary,7,Fair-GAD,lambda=0.5,0.7273253889440583,0.727076385467881,0.5239159218801721,0.34379581862612,True,0.020974339432426454,0.1302728010369212,0.010991259142345666,0.7450652407169317,-0.0036411784177424744,-0.01860958227092176,0.0378248019740316,0.5,directional,,,,por defecto del cargador
Dutch Census,dutch,binary,7,Fair-GAD,lambda=0.8,0.7280701754385965,0.7278038306672685,0.5239159218801721,0.34379581862612,True,0.022849280052443834,0.13242476263268352,0.009096195138278196,0.740854002399836,-0.0028963919232042334,-0.01673464165090438,0.03361356365693591,0.8,directional,,,,por defecto del cargador
Dutch Census,dutch,binary,7,Fair-GAD,lambda=1.2,0.7309665673618008,0.7306817086420796,0.5239159218801721,0.34379581862612,True,0.039583921703348214,0.15212063914401683,0.010621442696679084,0.7072404387429001,0.0,0.0,0.0,1.2,directional,,,,por defecto del cargador
COMPAS,compas,binary,7,Fair-GAD,lambda=0.1,0.6107954545454546,0.597345547353294,0.5293560606060606,0.3461300309597523,True,0.26761139944638973,0.3354218489909664,0.3221150943435581,0.30166270783847987,0.0037878787878787845,-0.03756431582984854,0.02575169457157761,0.1,directional,,,,por defecto del cargador
COMPAS,compas,binary,7,Fair-GAD,lambda=0.2,0.6022727272727273,0.5707898658718331,0.5293560606060606,0.3461300309597523,True,0.07378568364586496,0.14946415546037742,0.13640425514163523,0.5301498083300016,-0.004734848484848508,-0.2313900316303733,0.2542387950630993,0.2,directional,,,,por defecto del cargador
COMPAS,compas,binary,7,Fair-GAD,lambda=0.3,0.5994318181818182,0.5640090382466192,0.5293560606060606,0.3461300309597523,True,0.09473684398082628,0.16534310883348602,0.15238804719715612,0.4670412481763267,-0.007575757575757569,-0.210438871295412,0.19113023490942443,0.3,directional,,,,por defecto del cargador
COMPAS,compas,binary,7,Fair-GAD,lambda=0.5,0.5975378787878788,0.5609087467016791,0.5293560606060606,0.3461300309597523,True,0.08894774194075963,0.15904389623506088,0.14615975935596506,0.47672085953749405,-0.009469696969697017,-0.21622797333547863,0.20080984627059179,0.5,directional,,,,por defecto del cargador
COMPAS,compas,binary,7,Fair-GAD,lambda=0.8,0.5918560606060606,0.5519922512897292,0.5293560606060606,0.3461300309597523,True,0.07417884515675263,0.14329586473899786,0.13062626059665985,0.5027711797307997,-0.015151515151515249,-0.23099687011948564,0.2268601664638974,0.8,directional,,,,por defecto del cargador
COMPAS,compas,binary,7,Fair-GAD,lambda=1.2,0.5833333333333334,0.5370174774307978,0.5293560606060606,0.3461300309597523,True,0.04510231173563683,0.1133746048964782,0.10102328292916607,0.561019060309368,-0.02367424242424243,-0.26007340354060143,0.28510804704246573,1.2,directional,,,,por defecto del cargador
Communities and Crime,communities,multiclass,7,Fair-GAD,lambda=0.1,0.506265664160401,0.5080350329351737,0.3408521303258145,0.16947040498442367,True,0.03171734461001476,0.14706672036514967,0.06075034064164501,0.4537521815008726,-0.03508771929824561,-0.05495060395043321,0.1379406631762653,0.1,directional,,,,por defecto del cargador
Communities and Crime,communities,multiclass,7,Fair-GAD,lambda=0.2,0.48872180451127817,0.4913222858701582,0.3408521303258145,0.16947040498442367,True,0.021388777017049266,0.1301852597664116,0.04808245297375733,0.5046609628399948,-0.05263157894736842,-0.06527917154339871,0.18884944451538754,0.2,directional,,,,por defecto del cargador
Communities and Crime,communities,multiclass,7,Fair-GAD,lambda=0.3,0.48370927318295737,0.4865967445499873,0.3408521303258145,0.16947040498442367,True,0.019643576318968986,0.1301852597664116,0.05449270938401376,0.5046609628399948,-0.05764411027568922,-0.06702437224147899,0.18884944451538754,0.3,directional,,,,por defecto del cargador
Communities and Crime,communities,multiclass,7,Fair-GAD,lambda=0.5,0.48621553884711777,0.4892966739541345,0.3408521303258145,0.16947040498442367,True,0.017025775271848564,0.13018525976641157,0.04711582700713137,0.5046609628399948,-0.05513784461152882,-0.06964217328859941,0.18884944451538754,0.5,directional,,,,por defecto del cargador
Communities and Crime,communities,multiclass,7,Fair-GAD,lambda=0.8,0.48621553884711777,0.4894740910356284,0.3408521303258145,0.16947040498442367,True,0.017436904282454018,0.13018525976641157,0.04294407283537719,0.5046609628399948,-0.05513784461152882,-0.06923104427799395,0.18884944451538754,0.8,directional,,,,por defecto del cargador
Communities and Crime,communities,multiclass,7,Fair-GAD,lambda=1.2,0.47869674185463656,0.4817203784035656,0.3408521303258145,0.16947040498442367,True,0.03216334034396862,0.136595516176668,0.07111779122648688,0.4926452256295188,-0.06265664160401002,-0.05450460821647935,0.1768337073049115,1.2,directional,,,,por defecto del cargador
Student Performance,student,multiclass,7,Fair-GAD,lambda=0.1,0.5230769230769231,0.4873746600089311,0.46153846153846156,0.21052631578947367,True,0.0,0.02650063856960409,0.04663251286814505,0.8559027777777778,0.007692307692307776,0.0,0.05034722222222221,0.1,directional,,,,por defecto del cargador
Student Performance,student,multiclass,7,Fair-GAD,lambda=0.2,0.5230769230769231,0.4873746600089311,0.46153846153846156,0.21052631578947367,True,0.0,0.02650063856960409,0.04663251286814505,0.8559027777777778,0.007692307692307776,0.0,0.05034722222222221,0.2,directional,,,,por defecto del cargador
Student Performance,student,multiclass,7,Fair-GAD,lambda=0.3,0.5230769230769231,0.4873746600089311,0.46153846153846156,0.21052631578947367,True,0.0,0.02650063856960409,0.04663251286814505,0.8559027777777778,0.007692307692307776,0.0,0.05034722222222221,0.3,directional,,,,por defecto del cargador
Student Performance,student,multiclass,7,Fair-GAD,lambda=0.5,0.5153846153846153,0.4789521442379769,0.46153846153846156,0.21052631578947367,True,0.0,0.015006385696040883,0.04548308758078873,0.9129629629629629,0.0,0.0,0.10740740740740728,0.5,directional,,,,por defecto del cargador
Student Performance,student,multiclass,7,Fair-GAD,lambda=0.8,0.5230769230769231,0.4873746600089311,0.46153846153846156,0.21052631578947367,True,0.0,0.02650063856960409,0.04663251286814505,0.8559027777777778,0.007692307692307776,0.0,0.05034722222222221,0.8,directional,,,,por defecto del cargador
Student Performance,student,multiclass,7,Fair-GAD,lambda=1.2,0.5153846153846153,0.4767084916158244,0.46153846153846156,0.21052631578947367,True,0.0,0.03799489144316729,0.054965846201478395,0.8055555555555556,0.0,0.0,0.0,1.2,directional,,,,por defecto del cargador
Adult,adult,binary,13,Fair-GAD,lambda=0.1,0.7481751824817519,0.6896330952967249,0.7509953550099535,0.42889625769777356,True,0.037600650335037344,0.13077797980210862,0.0447301483624436,0.6359520575939932,-0.010451227604512225,-0.056656346418608824,0.14828097273115753,0.1,directional,,,,por defecto del cargador
Adult,adult,binary,13,Fair-GAD,lambda=0.2,0.7473457199734572,0.6872154537434157,0.7509953550099535,0.42889625769777356,True,0.03257000107705324,0.1231192918914154,0.04780711288857198,0.6508185773205114,-0.011280690112806857,-0.06168699567659293,0.16314749245767574,0.2,directional,,,,por defecto del cargador
Adult,adult,binary,13,Fair-GAD,lambda=0.3,0.7471798274717982,0.6870664265845319,0.7509953550099535,0.42889625769777356,True,0.028738216736491753,0.11807439563747812,0.0479614788880009,0.6637194908560058,-0.01144658261446585,-0.06551878001715442,0.17604840599317012,0.3,directional,,,,por defecto del cargador
Adult,adult,binary,13,Fair-GAD,lambda=0.5,0.745686794956868,0.6850482293249469,0.7509953550099535,0.42889625769777356,True,0.02309042985339932,0.11053432266045524,0.04663460723799734,0.6825260662005146,-0.01293961512939612,-0.07116656690024685,0.19485498133767892,0.5,directional,,,,por defecto del cargador
Adult,adult,binary,13,Fair-GAD,lambda=0.8,0.7445255474452555,0.6840083682407156,0.7509953550099535,0.42889625769777356,True,0.020191804493149404,0.10696471531726298,0.04463574944245191,0.6927786036756296,-0.014100862641008627,-0.07406519226049676,0.20510751881279393,0.8,directional,,,,por defecto del cargador
Adult,adult,binary,13,Fair-GAD,lambda=1.2,0.7446914399469144,0.6834727428106258,0.7509953550099535,0.42889625769777356,True,0.01481530016665955,0.09923330366288183,0.04290472421696989,0.7111081990000427,-0.013934970139349634,-0.07944169658698662,0.22343711413720707,1.2,directional,,,,por defecto del cargador
Dutch Census,dutch,binary,13,Fair-GAD,lambda=0.1,0.7161535915259848,0.7158453440796609,0.5239159218801721,0.34379581862612,True,0.007398648611593395,0.11089680786354791,0.021001437280046664,0.7774017240575355,-0.004385964912280715,-0.02642537730960101,0.060150693714087655,0.1,directional,,,,por defecto del cargador
Dutch Census,dutch,binary,13,Fair-GAD,lambda=0.2,0.7149122807017544,0.7145885090360888,0.5239159218801721,0.34379581862612,True,0.002742365787757809,0.10345939609402058,0.028157741466942887,0.7904645974614943,-0.005627275736511117,-0.031081660133436596,0.0732135671180465,0.2,directional,,,,por defecto del cargador
Dutch Census,dutch,binary,13,Fair-GAD,lambda=0.3,0.7144157563720622,0.7140785300016563,0.5239159218801721,0.34379581862612,True,0.0019525324271652822,0.10214490381666275,0.02926466529689198,0.7925746130703338,-0.006123800066203278,-0.031871493494029124,0.075323582726886,0.3,directional,,,,por defecto del cargador
Dutch Census,dutch,binary,13,Fair-GAD,lambda=0.5,0.7149950347567031,0.7146729474691245,0.5239159218801721,0.34379581862612,True,0.00012447404827947706,0.0986582009974406,0.03339770204845266,0.7992531557103232,-0.0055445216815623866,-0.03369955187291493,0.08200212536687534,0.5,directional,,,,por defecto del cargador
Dutch Census,dutch,binary,13,Fair-GAD,lambda=0.8,0.7148295266468057,0.7145167176533035,0.5239159218801721,0.34379581862612,True,0.0003911584512525749,0.09964407020545904,0.032154720104452306,0.7976530492924846,-0.0057100297914598475,-0.033432867469941834,0.08040201894903676,0.8,directional,,,,por defecto del cargador
Dutch Census,dutch,binary,13,Fair-GAD,lambda=1.2,0.7144157563720622,0.7140785300016563,0.5239159218801721,0.34379581862612,True,0.0019525324271652822,0.10214490381666275,0.02926466529689198,0.7925746130703338,-0.006123800066203278,-0.031871493494029124,0.075323582726886,1.2,directional,,,,por defecto del cargador
COMPAS,compas,binary,13,Fair-GAD,lambda=0.1,0.603219696969697,0.5825460816993125,0.5293560606060606,0.3461300309597523,True,0.2469598296714115,0.3087882307394503,0.30093988810630434,0.2914001421464108,0.0037878787878787845,-0.04059354848125274,0.025770080597981915,0.1,directional,,,,por defecto del cargador
COMPAS,compas,binary,13,Fair-GAD,lambda=0.2,0.6013257575757576,0.5786452799752821,0.5293560606060606,0.3461300309597523,True,0.2311507390540546,0.2925280681378243,0.2847327070132718,0.30269472129937247,0.0018939393939393367,-0.05640263909860965,0.037064659750943585,0.2,directional,,,,por defecto del cargador
COMPAS,compas,binary,13,Fair-GAD,lambda=0.3,0.5928030303030303,0.5481395385864634,0.5293560606060606,0.3461300309597523,True,0.09126012934820373,0.15106465350367793,0.14348585429550098,0.4566972988025619,-0.006628787878787956,-0.19629324880446053,0.191067237254133,0.3,directional,,,,por defecto del cargador
COMPAS,compas,binary,13,Fair-GAD,lambda=0.5,0.5871212121212122,0.5399943250620447,0.5293560606060606,0.3461300309597523,True,0.08204534623197955,0.1413085559427023,0.1339011897587598,0.4733044733044732,-0.012310606060606077,-0.20550803192068468,0.20767441175604434,0.5,directional,,,,por defecto del cargador
COMPAS,compas,binary,13,Fair-GAD,lambda=0.8,0.5852272727272727,0.5366249504093483,0.5293560606060606,0.3461300309597523,True,0.07632002757077597,0.1348044909020519,0.12745322835131634,0.48506359065365273,-0.014204545454545525,-0.21123335058188827,0.21943352910522385,0.8,directional,,,,por defecto del cargador
COMPAS,compas,binary,13,Fair-GAD,lambda=1.2,0.5852272727272727,0.5366249504093483,0.5293560606060606,0.3461300309597523,True,0.07632002757077597,0.1348044909020519,0.12745322835131634,0.48506359065365273,-0.014204545454545525,-0.21123335058188827,0.21943352910522385,1.2,directional,,,,por defecto del cargador
Communities and Crime,communities,multiclass,13,Fair-GAD,lambda=0.1,0.531328320802005,0.5287001287001287,0.3408521303258145,0.16947040498442367,True,0.06663643746131914,0.20282186948853617,0.07404351053801571,0.32748538011695905,-0.020050125313283207,-0.04415726699364292,0.09149717952698855,0.1,directional,,,,por defecto del cargador
Communities and Crime,communities,multiclass,13,Fair-GAD,lambda=0.2,0.5137844611528822,0.5161847881357532,0.3408521303258145,0.16947040498442367,True,0.04668125634137362,0.1869488536155203,0.09319526826262925,0.45918367346938777,-0.03759398496240596,-0.06411244811358843,0.22319547287941727,0.2,directional,,,,por defecto del cargador
Communities and Crime,communities,multiclass,13,Fair-GAD,lambda=0.3,0.5137844611528822,0.516666280106935,0.3408521303258145,0.16947040498442367,True,0.04065508841628245,0.1798941798941799,0.08495217002831067,0.46875,-0.03759398496240596,-0.0701386160386796,0.2327617994100295,0.3,directional,,,,por defecto del cargador
Communities and Crime,communities,multiclass,13,Fair-GAD,lambda=0.5,0.5112781954887218,0.5153781018870534,0.3408521303258145,0.16947040498442367,True,0.034920634920634915,0.16225749559082894,0.06519799970346431,0.47138047138047134,-0.040100250626566414,-0.07587306953432715,0.23539227079050085,0.5,directional,,,,por defecto del cargador
Communities and Crime,communities,multiclass,13,Fair-GAD,lambda=0.8,0.5112781954887218,0.5157460543901552,0.3408521303258145,0.16947040498442367,True,0.03315696649029982,0.15520282186948853,0.05695490146914569,0.47138047138047134,-0.040100250626566414,-0.07763673796466225,0.23539227079050085,0.8,directional,,,,por defecto del cargador
Communities and Crime,communities,multiclass,13,Fair-GAD,lambda=1.2,0.5112781954887218,0.5168613357292603,0.3408521303258145,0.16947040498442367,True,0.025793701415591966,0.13756613756613756,0.06229426539741095,0.5100182149362477,-0.040100250626566414,-0.0850000030393701,0.27403001434627716,1.2,directional,,,,por defecto del cargador
Student Performance,student,multiclass,13,Fair-GAD,lambda=0.1,0.5230769230769231,0.4693312135273202,0.46153846153846156,0.21052631578947367,True,0.05588474025974025,0.024177080780854353,0.1990710678210678,0.8718614718614719,0.0,0.0,0.0,0.1,directional,,,,por defecto del cargador
Student Performance,student,multiclass,13,Fair-GAD,lambda=0.2,0.5153846153846153,0.46054491614957666,0.46153846153846156,0.21052631578947367,True,0.0407332251082251,0.012741975006125958,0.1687680375180375,0.9080188679245284,-0.007692307692307776,-0.015151515151515152,0.03615739606305646,0.2,directional,,,,por defecto del cargador
Student Performance,student,multiclass,13,Fair-GAD,lambda=0.3,0.5153846153846153,0.46054491614957666,0.46153846153846156,0.21052631578947367,True,0.0407332251082251,0.012741975006125958,0.1687680375180375,0.9080188679245284,-0.007692307692307776,-0.015151515151515152,0.03615739606305646,0.3,directional,,,,por defecto del cargador
Student Performance,student,multiclass,13,Fair-GAD,lambda=0.5,0.5153846153846153,0.46054491614957666,0.46153846153846156,0.21052631578947367,True,0.0407332251082251,0.012741975006125958,0.1687680375180375,0.9080188679245284,-0.007692307692307776,-0.015151515151515152,0.03615739606305646,0.5,directional,,,,por defecto del cargador
Student Performance,student,multiclass,13,Fair-GAD,lambda=0.8,0.5153846153846153,0.46054491614957666,0.46153846153846156,0.21052631578947367,True,0.0407332251082251,0.012741975006125958,0.1687680375180375,0.9080188679245284,-0.007692307692307776,-0.015151515151515152,0.03615739606305646,0.8,directional,,,,por defecto del cargador
Student Performance,student,multiclass,13,Fair-GAD,lambda=1.2,0.5230769230769231,0.4693312135273202,0.46153846153846156,0.21052631578947367,True,0.05588474025974025,0.024177080780854353,0.1990710678210678,0.8718614718614719,0.0,0.0,0.0,1.2,directional,,,,por defecto del cargador
Adult,adult,binary,21,Fair-GAD,lambda=0.1,0.7488387524883875,0.6901203501034654,0.7509953550099535,0.42889625769777356,True,0.03349687470696264,0.12469194564790548,0.051935560073095965,0.6484026430540352,-0.0033178500331785266,-0.03701888617913923,0.10440950420126294,0.1,directional,,,,por defecto del cargador
Adult,adult,binary,21,Fair-GAD,lambda=0.2,0.7471798274717982,0.6880735888756151,0.7509953550099535,0.42889625769777356,True,0.027084213087366915,0.11619640398793854,0.049532794184000084,0.6698875294516756,-0.00497677504976779,-0.043431547798734954,0.1258943905989034,0.2,directional,,,,por defecto del cargador
Adult,adult,binary,21,Fair-GAD,lambda=0.3,0.7485069674850697,0.689267362499558,0.7509953550099535,0.42889625769777356,True,0.031095888231707648,0.12121726552155115,0.052407079466803674,0.6558592016528564,-0.0036496350364962904,-0.03941987265439422,0.11186606280008415,0.3,directional,,,,por defecto del cargador
Adult,adult,binary,21,Fair-GAD,lambda=0.5,0.7486728599867286,0.690301458944703,0.7509953550099535,0.42889625769777356,True,0.03457196831323353,0.12638072731256167,0.051467545597299436,0.6453296447457223,-0.0034837425348374085,-0.03594379257286834,0.10133650589295007,0.5,directional,,,,por defecto del cargador
Adult,adult,binary,21,Fair-GAD,lambda=0.8,0.7486728599867286,0.690301458944703,0.7509953550099535,0.42889625769777356,True,0.03457196831323353,0.12638072731256167,0.051467545597299436,0.6453296447457223,-0.0034837425348374085,-0.03594379257286834,0.10133650589295007,0.8,directional,,,,por defecto del cargador
Adult,adult,binary,21,Fair-GAD,lambda=1.2,0.7471798274717982,0.6880735888756151,0.7509953550099535,0.42889625769777356,True,0.027084213087366915,0.11619640398793854,0.049532794184000084,0.6698875294516756,-0.00497677504976779,-0.043431547798734954,0.1258943905989034,1.2,directional,,,,por defecto del cargador
Dutch Census,dutch,binary,21,Fair-GAD,lambda=0.1,0.7174776564051638,0.71723498938366,0.5239159218801721,0.34379581862612,True,0.012327982808586564,0.11928498833427481,0.01677832398821677,0.7646020798170302,-0.003972194637537285,-0.03208517553716771,0.056439295681490975,0.1,directional,,,,por defecto del cargador
Dutch Census,dutch,binary,21,Fair-GAD,lambda=0.2,0.7163190996358821,0.7160202600967858,0.5239159218801721,0.34379581862612,True,0.006944111678491571,0.11031504539279394,0.024106204051311697,0.7789654207146385,-0.005130751406818956,-0.037469046667262695,0.07080263657909924,0.2,directional,,,,por defecto del cargador
Dutch Census,dutch,binary,21,Fair-GAD,lambda=0.3,0.7162363455809335,0.7159328210361668,0.5239159218801721,0.34379581862612,True,0.00664779248057364,0.10981596038198041,0.024608367108597373,0.779745165880519,-0.005213505461767576,-0.037765365865180624,0.07158238174497977,0.3,directional,,,,por defecto del cargador
Dutch Census,dutch,binary,21,Fair-GAD,lambda=0.5,0.7152432969215492,0.7149070477356416,0.5239159218801721,0.34379581862612,True,0.00466563756995327,0.10648872697655706,0.027603699160137662,0.7849836285333945,-0.006206554121151897,-0.039747520775800994,0.0768208443978553,0.5,directional,,,,por defecto del cargador
Dutch Census,dutch,binary,21,Fair-GAD,lambda=0.8,0.7154915590863953,0.7151731964055357,0.5239159218801721,0.34379581862612,True,0.0032423866871651164,0.10434640614277524,0.03001060193669275,0.7892384921625598,-0.005958291956305817,-0.04117077165858915,0.08107570802702058,0.8,directional,,,,por defecto del cargador
Dutch Census,dutch,binary,21,Fair-GAD,lambda=1.2,0.7031612048990401,0.7031230459691913,0.5239159218801721,0.34379581862612,True,4.5942990308499763e-05,0.05674004048179629,0.07435709202032947,0.8849698538495522,-0.01828864614366099,-0.044367215355445765,0.17680706971401294,1.2,directional,,,,por defecto del cargador
COMPAS,compas,binary,21,Fair-GAD,lambda=0.1,0.6164772727272727,0.605647153417531,0.5293560606060606,0.3461300309597523,True,0.21279731003915053,0.2878440844542539,0.27031595573291045,0.3934713934713934,-0.015151515151515138,-0.07328744324866854,0.10177726031384565,0.1,directional,,,,por defecto del cargador
COMPAS,compas,binary,21,Fair-GAD,lambda=0.2,0.6041666666666666,0.5760388492746495,0.5293560606060606,0.3461300309597523,True,0.06353762038989688,0.13838337567151127,0.12150269021297595,0.5743563468681951,-0.027462121212121215,-0.2225471328979222,0.28266221371064737,0.2,directional,,,,por defecto del cargador
COMPAS,compas,binary,21,Fair-GAD,lambda=0.3,0.6126893939393939,0.5813321830333991,0.5293560606060606,0.3461300309597523,True,0.10239130716895033,0.17615458293424394,0.15551177205737188,0.4555984555984556,-0.018939393939393923,-0.18369344611886873,0.1639043224409078,0.3,directional,,,,por defecto del cargador
COMPAS,compas,binary,21,Fair-GAD,lambda=0.5,0.6098484848484849,0.577066200058326,0.5293560606060606,0.3461300309597523,True,0.09437675683585206,0.16845042268771082,0.1480351543458836,0.46671061305207645,-0.021780303030302983,-0.191707996451967,0.17501647989452868,0.5,directional,,,,por defecto del cargador
COMPAS,compas,binary,21,Fair-GAD,lambda=0.8,0.5984848484848485,0.5676527502578186,0.5293560606060606,0.3461300309597523,True,0.04974038764291553,0.12297505517844501,0.1065494547899994,0.6029312894984536,-0.03314393939393934,-0.23634436564490355,0.3112371563409059,0.8,directional,,,,por defecto del cargador
COMPAS,compas,binary,21,Fair-GAD,lambda=1.2,0.5899621212121212,0.556265921364834,0.5293560606060606,0.3461300309597523,True,0.03602152588350829,0.10910756673468539,0.09339156005315728,0.6311936936936936,-0.04166666666666663,-0.25006322740431075,0.33949956053614583,1.2,directional,,,,por defecto del cargador
Communities and Crime,communities,multiclass,21,Fair-GAD,lambda=0.1,0.5238095238095238,0.522085597178534,0.3408521303258145,0.16947040498442367,True,0.0791735034444186,0.2165869218500797,0.12213431607088325,0.3343137254901961,-0.03508771929824561,-0.04217265961177982,0.05014705882352943,0.1,directional,,,,por defecto del cargador
Communities and Crime,communities,multiclass,21,Fair-GAD,lambda=0.2,0.5112781954887218,0.5117706133600487,0.3408521303258145,0.16947040498442367,True,0.0700857987950486,0.18755980861244023,0.10114790198745426,0.37446808510638296,-0.04761904761904767,-0.05126036426114983,0.09030141843971629,0.2,directional,,,,por defecto del cargador
Communities and Crime,communities,multiclass,21,Fair-GAD,lambda=0.3,0.5112781954887218,0.5128326996197718,0.3408521303258145,0.16947040498442367,True,0.06482039270481926,0.18405103668261566,0.1013731466156839,0.3861702127659575,-0.04761904761904767,-0.056525770351379165,0.1020035460992908,0.3,directional,,,,por defecto del cargador
Communities and Crime,communities,multiclass,21,Fair-GAD,lambda=0.5,0.5112781954887218,0.5139141810492447,0.3408521303258145,0.16947040498442367,True,0.06291974178610077,0.18405103668261566,0.10458938863789606,0.3861702127659575,-0.04761904761904767,-0.05842642127009766,0.1020035460992908,0.5,directional,,,,por defecto del cargador
Communities and Crime,communities,multiclass,21,Fair-GAD,lambda=0.8,0.5137844611528822,0.5173046122033202,0.3408521303258145,0.16947040498442367,True,0.06118403313758771,0.174481658692185,0.1153638132182908,0.3989010989010989,-0.045112781954887216,-0.06016212991861072,0.11473443223443225,0.8,directional,,,,por defecto del cargador
Communities and Crime,communities,multiclass,21,Fair-GAD,lambda=1.2,0.5012531328320802,0.505652613735783,0.3408521303258145,0.16947040498442367,True,0.05210577586854098,0.15534290271132378,0.12174955710403469,0.42705882352941177,-0.057644110275689275,-0.06924038718765745,0.1428921568627451,1.2,directional,,,,por defecto del cargador
Student Performance,student,multiclass,21,Fair-GAD,lambda=0.1,0.5230769230769231,0.4886817257458215,0.46153846153846156,0.21052631578947367,True,0.031012909713099474,0.08950031625553449,0.11688034188034187,0.6216577540106951,0.0,0.0,0.0,0.1,directional,,,,por defecto del cargador
Student Performance,student,multiclass,21,Fair-GAD,lambda=0.2,0.5230769230769231,0.4886817257458215,0.46153846153846156,0.21052631578947367,True,0.031012909713099474,0.08950031625553449,0.11688034188034187,0.6216577540106951,0.0,0.0,0.0,0.2,directional,,,,por defecto del cargador
Student Performance,student,multiclass,21,Fair-GAD,lambda=0.3,0.5230769230769231,0.4886817257458215,0.46153846153846156,0.21052631578947367,True,0.031012909713099474,0.08950031625553449,0.11688034188034187,0.6216577540106951,0.0,0.0,0.0,0.3,directional,,,,por defecto del cargador
Student Performance,student,multiclass,21,Fair-GAD,lambda=0.5,0.5230769230769231,0.4886817257458215,0.46153846153846156,0.21052631578947367,True,0.031012909713099474,0.08950031625553449,0.11688034188034187,0.6216577540106951,0.0,0.0,0.0,0.5,directional,,,,por defecto del cargador
Student Performance,student,multiclass,21,Fair-GAD,lambda=0.8,0.5230769230769231,0.4886817257458215,0.46153846153846156,0.21052631578947367,True,0.031012909713099474,0.08950031625553449,0.11688034188034187,0.6216577540106951,0.0,0.0,0.0,0.8,directional,,,,por defecto del cargador
Student Performance,student,multiclass,21,Fair-GAD,lambda=1.2,0.5230769230769231,0.4886817257458215,0.46153846153846156,0.21052631578947367,True,0.031012909713099474,0.08950031625553449,0.11688034188034187,0.6216577540106951,0.0,0.0,0.0,1.2,directional,,,,por defecto del cargador
OULAD,oulad,multiclass,7,Fair-GAD,lambda=0.1,0.31332380498650153,0.2921803904758806,0.37573447673495314,0.1365577744430336,True,0.015453100650310279,0.0689184922889047,0.08428876702533587,0.3736784303009921,0.028426234714943655,-0.03714218806831289,0.12614118440848304,0.1,directional,,,,disability
OULAD,oulad,multiclass,7,Fair-GAD,lambda=0.2,0.31951723042718755,0.2953902340803108,0.37573447673495314,0.1365577744430336,True,0.009651715750535687,0.06772910094272416,0.07068142157337887,0.41809239922863467,0.03461966015562967,-0.04294357296808748,0.1705551533361256,0.2,directional,,,,disability
OULAD,oulad,multiclass,7,Fair-GAD,lambda=0.3,0.31252977608384946,0.2919966855627444,0.37573447673495314,0.1365577744430336,True,0.0166782315474283,0.07093993718255913,0.08467635333346447,0.366937564499484,0.027632205812291588,-0.035917057171194866,0.11940031860697492,0.3,directional,,,,disability
OULAD,oulad,multiclass,7,Fair-GAD,lambda=0.5,0.3104653009369541,0.2912557379385564,0.37573447673495314,0.1365577744430336,True,0.019522222155967054,0.07559804932880626,0.09033942594285621,0.352293218928345,0.02556773066539625,-0.033073066562656114,0.10475597303583589,0.5,directional,,,,disability
OULAD,oulad,multiclass,7,Fair-GAD,lambda=0.8,0.3104653009369541,0.29138470402974315,0.37573447673495314,0.1365577744430336,True,0.01980608983474507,0.07577382714564579,0.09093447976526438,0.351763454689355,0.02556773066539625,-0.032789198883878094,0.10422620879684591,0.8,directional,,,,disability
OULAD,oulad,multiclass,7,Fair-GAD,lambda=1.2,0.3076067968874067,0.2902318902864956,0.37573447673495314,0.1365577744430336,True,0.023413794571198115,0.08060771710873245,0.09912453247516695,0.3377945088352651,0.022709226615848843,-0.02918149414742505,0.09025726294275599,1.2,directional,,,,disability
OULAD,oulad,multiclass,13,Fair-GAD,lambda=0.1,0.31380022232809274,0.29051210916714454,0.37573447673495314,0.1365577744430336,True,0.016684114571207675,0.1092742938399232,0.09433554940680247,0.2837841935363487,0.013974908686676168,-0.013911619638913662,0.049792809418034156,0.1,directional,,,,disability
OULAD,oulad,multiclass,13,Fair-GAD,lambda=0.2,0.31380022232809274,0.29051210916714454,0.37573447673495314,0.1365577744430336,True,0.016684114571207675,0.1092742938399232,0.09433554940680247,0.2837841935363487,0.013974908686676168,-0.013911619638913662,0.049792809418034156,0.2,directional,,,,disability
OULAD,oulad,multiclass,13,Fair-GAD,lambda=0.3,0.32936318882007304,0.293812739716699,0.37573447673495314,0.1365577744430336,True,0.016617051951975083,0.10927429383992321,0.08739094855581073,0.3817877438567094,0.02953787517865647,-0.013978682258146254,0.14779635973839483,0.3,directional,,,,disability
OULAD,oulad,multiclass,13,Fair-GAD,lambda=0.5,0.331268858186438,0.2949057367193111,0.37573447673495314,0.1365577744430336,True,0.016853885703241457,0.10812568101080144,0.08862336679987107,0.3972978709508882,0.03144354454502141,-0.01374184850687988,0.16330648683257365,0.5,directional,,,,disability
OULAD,oulad,multiclass,13,Fair-GAD,lambda=0.8,0.3415912339209147,0.2995309525522137,0.37573447673495314,0.1365577744430336,True,0.024747351830153797,0.10547503602052047,0.10272244963297197,0.505173451805103,0.04176592027949816,-0.005848382379967539,0.27118206768678843,0.8,directional,,,,disability
OULAD,oulad,multiclass,13,Fair-GAD,lambda=1.2,0.3333333333333333,0.29614985857566495,0.37573447673495314,0.1365577744430336,True,0.018294218534027986,0.10812568101080146,0.09073710744288066,0.4150228031695894,0.033508019691916746,-0.01230151567609335,0.18103141905127484,1.2,directional,,,,disability
OULAD,oulad,multiclass,21,Fair-GAD,lambda=0.1,0.32904557725901223,0.2950712360295824,0.37573447673495314,0.1365577744430336,True,0.0,0.0517478553385977,0.0503283477771905,0.48206772529858855,0.04764173415912337,-0.05710752048441608,0.26836504974292896,0.1,directional,,,,disability
OULAD,oulad,multiclass,21,Fair-GAD,lambda=0.2,0.32888677147848183,0.29474352729336173,0.37573447673495314,0.1365577744430336,True,0.0,0.05419085208126871,0.054221083544757034,0.48487370740160707,0.04748292837859297,-0.05710752048441608,0.2711710318459475,0.2,directional,,,,disability
OULAD,oulad,multiclass,21,Fair-GAD,lambda=0.3,0.32936318882007304,0.29513194571387036,0.37573447673495314,0.1365577744430336,True,0.0,0.05392690698184939,0.05378955304993539,0.48657303114250056,0.04795934572018418,-0.05710752048441608,0.27287035558684103,0.3,directional,,,,disability
OULAD,oulad,multiclass,21,Fair-GAD,lambda=0.5,0.33206288708909004,0.2963531507533176,0.37573447673495314,0.1365577744430336,True,0.0,0.05392690698184939,0.05426357395388018,0.5167574623548145,0.05065904398920118,-0.05710752048441608,0.3030547867991549,0.5,directional,,,,disability
OULAD,oulad,multiclass,21,Fair-GAD,lambda=0.8,0.3460377957757662,0.29564080818399446,0.37573447673495314,0.1365577744430336,True,0.002773663311394413,0.0539269069818494,0.06471905842971407,0.7514448976806282,0.06463395267587735,-0.054333857173021666,0.5377422221249686,0.8,directional,,,,disability
OULAD,oulad,multiclass,21,Fair-GAD,lambda=1.2,0.3460377957757662,0.29564080818399446,0.37573447673495314,0.1365577744430336,True,0.002773663311394413,0.0539269069818494,0.06471905842971407,0.7514448976806282,0.06463395267587735,-0.054333857173021666,0.5377422221249686,1.2,directional,,,,disability
